Test1;11112222;test1@test.com;Test1;Test1;Test1
Test2;11112222;test2@test.com;Test2;Test2;Test2
Test3;11112222;test3@test.com;Test3;Test3;Test3
Test4;11112222;test4@test.com;Test4;Test4;Test4
Test5;11112222;test5@test.com;Test5;Test5;Test5
Test6;11112222;test6@test.com;Test6;Test6;Test6
Test7;11112222;test7@test.com;Test7;Test7;Test7
Test8;11112222;test8@test.com;Test8;Test8;Test8
Test9;11112222;test9@test.com;Test9;Test9;Test9
Test10;11112222;test10@test.com;Test10;Test10;Test10
Test11;11112222;test11@test.com;Test11;Test11;Test11
Test12;11112222;test12@test.com;Test12;Test12;Test12
Test13;11112222;test13@test.com;Test13;Test13;Test13
Test14;11112222;test14@test.com;Test14;Test14;Test14
Test15;11112222;test15@test.com;Test15;Test15;Test15
Test16;11112222;test16@test.com;Test16;Test16;Test16
Test17;11112222;test17@test.com;Test17;Test17;Test17
Test18;11112222;test18@test.com;Test18;Test18;Test18
Test19;11112222;test19@test.com;Test19;Test19;Test19
Test20;11112222;test20@test.com;Test20;Test20;Test20
Test21;11112222;test21@test.com;Test21;Test21;Test21
Test22;11112222;test22@test.com;Test22;Test22;Test22
Test23;11112222;test23@test.com;Test23;Test23;Test23
Test24;11112222;test24@test.com;Test24;Test24;Test24
Test25;11112222;test25@test.com;Test25;Test25;Test25
Test26;11112222;test26@test.com;Test26;Test26;Test26
Test27;11112222;test27@test.com;Test27;Test27;Test27
Test28;11112222;test28@test.com;Test28;Test28;Test28
Test29;11112222;test29@test.com;Test29;Test29;Test29
Test30;11112222;test30@test.com;Test30;Test30;Test30
Test31;11112222;test31@test.com;Test31;Test31;Test31
Test32;11112222;test32@test.com;Test32;Test32;Test32
Test33;11112222;test33@test.com;Test33;Test33;Test33
Test34;11112222;test34@test.com;Test34;Test34;Test34
Test35;11112222;test35@test.com;Test35;Test35;Test35
Test36;11112222;test36@test.com;Test36;Test36;Test36
Test37;11112222;test37@test.com;Test37;Test37;Test37
Test38;11112222;test38@test.com;Test38;Test38;Test38
Test39;11112222;test39@test.com;Test39;Test39;Test39
Test40;11112222;test40@test.com;Test40;Test40;Test40
Test41;11112222;test41@test.com;Test41;Test41;Test41
Test42;11112222;test42@test.com;Test42;Test42;Test42
Test43;11112222;test43@test.com;Test43;Test43;Test43
Test44;11112222;test44@test.com;Test44;Test44;Test44
Test45;11112222;test45@test.com;Test45;Test45;Test45
Test46;11112222;test46@test.com;Test46;Test46;Test46
Test47;11112222;test47@test.com;Test47;Test47;Test47
Test48;11112222;test48@test.com;Test48;Test48;Test48
Test49;11112222;test49@test.com;Test49;Test49;Test49
Test50;11112222;test50@test.com;Test50;Test50;Test50
